Datum;Artikel;Stueck
01/03/2022;Mueller Joghurt mit der Ecke Knusper Original 150g;1
01/03/2022;P Heumanns Matzen 250g;5
01/03/2022;Mentos Chewy Dragees Lakritz Mint 3x375g;4
01/03/2022;Kattus Spanische Guene Oliven mit Knoblauchcreme 85g;5
01/03/2022;ja! Family Cappuccino 500g;5
01/03/2022;REWE Beste Wahl Kuchenglasur Dunkel 150g;1
01/08/2022;m&ms Crispy 281g;5
01/08/2022;Aprikosen getrocknet 200g;2
01/08/2022;Kerrygold Extra gesalzen mit Rapsoel 250g;2
01/08/2022;Kleinemas Mini Cabanossi 250g;2
01/08/2022;ja! Schaumkuesse 300g;5
01/08/2022;Harry Knolli Das Kartoffelbrot 500g;5
01/08/2022;Milky Way Crispy Rolls 6x25g;4
01/15/2022;Hohes C Hoch2 Direktsaft Roter Multi 800ml;4
01/15/2022;Popp Aufstrich Kaese und Champions 150g;1
01/15/2022;Feinkost Dittmann Pfefferonen mild 125g;1
01/15/2022;Chivers Marmelade Lemon Curd 320g;2
01/15/2022;Tempo Taschentuecher Plus 4-lagig mit Aloe Vera und Kamille 12x9 Tuecher;5
01/15/2022;REWE Beste Wahl Bio-Kompostbeutel 10l 10 Stueck;4
01/15/2022;REWE Bio Wiener Wuerstchen 200g;4
01/15/2022;Vitakraft Kraecker Trio Mix Gemuese/Nuss/Waldbeere 3 Stueck;3
01/15/2022;REWE Feine Welt Siziliens Schatz gruene Oliven 135g;2
01/15/2022;Braendle vita Walnussoel 500ml;3
01/15/2022;King Soba Buchweizen Quinoa Nudeln 250g;4
01/15/2022;Haribo Maoam Saure Kracher 175g;2
01/15/2022;ja! Taschentuecher 4-lagig 30x10 Stueck;1
01/15/2022;REWE Beste Wahl Ultra Binde Lang mit Fluegeln 14 Stueck;1
01/15/2022;Coraya Surimi Sticks 200g;1
01/15/2022;Exquisa Frischkaese Fitline 02% Kraeuter 200g;3
01/15/2022;Elinas Joghurt Griechischer Art Natur 4x150g;5
01/15/2022;Dove Pflegendes Cremebad Original 750ml;4
01/21/2022;REWE Beste Wahl Dekorperlen Perlenglanz rosa-wei 75g;4
01/21/2022;Bahlsen Comtess Zitrone 350g;2
01/21/2022;Dallmayr Capsa Espresso Barista 56g 10 Stueck;5
01/21/2022;ueltje Studentenfutter Original 200g;4
01/21/2022;ja! Suestoff Tabletten 1200 Stueck;3
01/21/2022;Ritter Sport Nuss-Klasse Weie Vollnuss 100g;3
01/21/2022;Andechser Natur Bio fettarme Milch 15% laenger haltbar 1l;4
01/27/2022;Paulaner Spezi 20x05l;4
01/27/2022;Knack & Back Pizza-Kit 600g;3
01/27/2022;Veltins Pilsener 20x05l;2
01/27/2022;JPS Red XL-Box 26 Stueck;5
01/27/2022;Xox Erdnuesse ungesalzen 1kg;2
01/27/2022;Salat Endivie;3
01/27/2022;Pomito Stueckige Tomaten 500g;3
01/27/2022;Hipp Pasta Bambini Tagliatelle in Spinat-Kaesesauce 250g;3
01/29/2022;REWE Beste Wahl Gouda gerieben 200g;4
01/29/2022;REWE Beste Wahl Cookies Double Choc 150g;5
01/29/2022;ja! Colorwaschmittel 2025kg 30WL;5
01/29/2022;Winzer Krems Gruener Veltliner oesterreich trocken 075l;3
01/29/2022;Spreewaldhof Pfelino Apfel-Banane 100g;5
01/29/2022;LOral Paris Elvital Shampoo Color Glanz 300ml;5
01/29/2022;Baerenmarke Die haltbare Alpenmilch 15% 1l;4
01/29/2022;Cherrytomaten gelb 250g;4
01/29/2022;Lavazza Crema e Gusto 250g;4
01/29/2022;ja! Aprikosen-Konfituere extra 450g;3
01/29/2022;REWE Beste Wahl Fruchtjoghurt Zitrone 01% 150g;2
01/29/2022;Apfel Golden Delicious;3
01/29/2022;Volvic Touch Zitrone-Limette 6x15l;3
01/29/2022;Gab Paderborner Landbrot geschnitten 500g;1
01/29/2022;ZooRoyal Katzen-Grillies mit Ente 8x5g;1
01/29/2022;Scavi & Ray Prosecco Frizzante IGT Banquet Edition 075l;1
01/29/2022;ja! Schoko-Drink 05l;2
02/02/2022;REWE Beste Wahl Brechbohnen jung & fein 750g;2
02/02/2022;Rotkohl;4
02/02/2022;Hansano Frischmilch Laktosefrei 35% 1l;2
02/08/2022;Erdinger Weibier 20x05l;2
02/08/2022;Heitmann Waesche-Wei Tuecher 20 Stueck;1
02/08/2022;ja! Langkorn Spitzenreis 1kg;4
02/08/2022;Head & Shoulders Anti Schuppen Shampoo Apple Fresh 300ml;3
02/08/2022;Protefix Haft-Creme Extra-Stark mit Nass-Haftkraft 47g;3
02/14/2022;Wilhelm Brandenburg Salami-Sticks 100g;3
02/14/2022;Hansaplast Pflaster Universal 20 Stueck;2
02/14/2022;Appel MSC Heringsfilets in Tomaten-Creme 100g;1
02/14/2022;Kuehne Sandwich-Gurken wuerzig-sue 185g;5
02/14/2022;Tena Lady Normal Einlagen fuer leichte Blasenschwaeche 12 Stueck;4
02/14/2022;Gazi Ayran 250ml;3
02/14/2022;Nivea Men Pflegeshampoo Strong Power 250ml;2
02/14/2022;Thomy Gourmet Remoulade 200ml;1
02/16/2022;Crown Yard Echter uebersee-Rum 40% 07l;4
02/16/2022;REWE Feine Welt Alpen-Original Kaesegebaeck 75g;2
02/16/2022;Knorr Feinschmecker Champignon Sauce 250ml;5
02/16/2022;Ruegenwalder Muehle Vegetarischer Schinken-Spicker Mortadella 80g;4
02/16/2022;Dr Oetker Kaesekuchen 570g;4
02/16/2022;Nissin Demae Ramen Rind 100g;3
02/16/2022;Suedzucker Raffinade fein 1kg;2
02/16/2022;Monster Energy The Doctor 05l;2
02/16/2022;Erasco Ungarische Gulaschsuppe 770ml;4
02/16/2022;Weihenstephan Mascarpone Joghurt Erdbeere 150g;3
02/16/2022;Salat Radicchio;1
02/16/2022;Ostmann Chili Wuerzer 35g;3
02/16/2022;Moevenpick Feinjoghurt Kaffe-Krokant 150g;4
02/16/2022;Kattus Spanische schwarze Oliven entsteint 80g;1
02/18/2022;Today Rasiergel Aloe Vera 150ml;1
02/18/2022;Basilikum 15g Schale;4
02/18/2022;Yogi Tea Classic Bio 374g 17 Beutel;5
02/18/2022;REWE Bio Wiener Wuerstchen 200g;3
02/18/2022;Gourmet Katzenfutter Perle Erlesene Streifen mit Lachs & Seelachs 85g;5
02/18/2022;Beckers Bester Kirsche 1l;2
02/18/2022;Iglo Filegro Muellerin Art 250g;5
02/18/2022;Felix Katzenfutter So gut wie es aussieht Thunfisch 100g;4
02/18/2022;REWE Beste Wahl Gouda Holland jung 210g;3
02/18/2022;Griesson Caf Musica Gebaeckmischung 500g;2
02/18/2022;Pappteller rund 20 Stueck 23cm;3
02/24/2022;Bauer Muesli-Fruchtjoghurt Schokomuesli 250g;1
02/24/2022;Arla Buko Fruehlingszwiebeln 200g;5
02/24/2022;Vilsa Naturelle 12x1l;3
02/24/2022;Domestos WC Gel Aktiv Kraft Reiniger Ocean Fresh 750ml;1
02/24/2022;Zewa Wisch & Weg Kuechenrollen Reinweiss 4x45 Blatt;2
02/24/2022;Krone ASC Forellen-Filets 125g;4
02/24/2022;Bionade Holunder 12x033l;5
02/24/2022;REWE Beste Wahl Fusilli Bronzo 500g;3
02/24/2022;Andechser Natur Bio-Jogurt mild Blaubeere-Cassis 400g;3
02/24/2022;Erasco Luebecker Hochzeitssuppe 390ml;4
02/24/2022;Kuehne Cocktail-Cornichons 110g;3
02/24/2022;ja! Linseneintopf mit Schweinefleisch 800g;2
02/24/2022;REWE Beste Wahl Marmor Feiner Ruehrkuchen 400g;5
02/26/2022;REWE Bio Brot-Backmischung Dinkel 500g;4
02/26/2022;Mazzetti Bio Cremaceto 250ml;3
02/26/2022;Harry Butter-Toast 500g;1
02/26/2022;Bio Zentrale Kokosoel 200ml;4
02/26/2022;REWE Beste Wahl Milder Multivitaminsaft 1l;1
02/26/2022;Goldsteig Mozzarella Bambini 125g;3
02/26/2022;REWE Bio Joghurt mild Vanille 150g;4
02/26/2022;REWE Beste Wahl Kraeutertee Fenchel-Anis-Kuemmel 40g 20 Beutel;3
02/26/2022;Metten Roastbeef 100g;1
02/26/2022;REWE Beste Wahl Curry gemahlen 30g;4
02/26/2022;Riesa Teigwaren Schlemmerliebling Makkaroni-Chips 500g;1
02/26/2022;Wilhelm Brandenburg Frische Putenbrust 800g;4
02/26/2022;Gillette Fusion ProGlide Systemklingen 4 Stueck;4
02/26/2022;Herta Saftige Fleischwurst mit Knoblauch 500g;1
02/26/2022;Mini Babybel 10x20g;1
02/26/2022;Milka Tafel Weie Schokolade 100g;1
02/26/2022;Garnier Wahre Schaetze Shampoo Honig Geheimnisse 250ml;4
02/26/2022;Fit Spuelmittel Original 750ml;1
02/28/2022;Darbo Naturrein Rosenmarille 450g;1
02/28/2022;Landliebe Gelee Quitte 200g;5
02/28/2022;Head & Shoulders Anti Schuppen Shampoo Classic Clean 300ml;1
02/28/2022;Mueller Joghurt Mit der Ecke Bibi Blocksberg Vexhexte Party 4x85g;2
03/05/2022;Gordons Gin 07l;2
03/05/2022;Vio Bio Limo leicht Zitrone-Limette-Minze 4x1l;2
03/05/2022;REWE Bio Paprika 400g;5
03/05/2022;Ruegenwalder Muehle Muehlen-Wuerstchen Gefluegel 222g;1
03/05/2022;REWE Beste Wahl Delikatess-Gewuerzgurken 360g;3
03/05/2022;Krone Fisch Echter Raeucherlachs 50g;4
03/05/2022;Kaeserebellen Heublumenrebell oesterreichischer Schnittkaese 100g;1
03/05/2022;REWE Beste Wahl XXL Hamburger-Broetchen 300g;4
03/10/2022;Palmolive Fluessigseife Milch & Honig 300ml;5
03/10/2022;REWE Beste Wahl Deluxe-Toilettenpapier 5-lagig 6x129 Blatt;5
03/10/2022;Haribo Roulette 175g 7 Stueck;4
03/10/2022;Lambertz Bio Hafer Cookies 200g;1
03/10/2022;Elmex Sensitive Professional plus sanftes Wei 75ml;3
03/10/2022;Alpro Soja-Drink Ungesuet Ganze Bohne 1l;1
03/10/2022;ja! Schokoladenpudding mit Sahne 4x115g;2
03/10/2022;Lien Ying Sesamoel geroestet 100ml;5
03/16/2022;Salbei 15g Schale;4
03/16/2022;REWE Beste Wahl Frische Vollmilch 05l;5
03/16/2022;Gruenlaender Raeucher Scheiben 140g;2
03/16/2022;Wilhelm Brandenburg Kuemmelfleischmagen 100g;5
03/16/2022;Knorr Tomato al Gusto Kraeuter Knoblauch 370g;5
03/16/2022;Wilhelm Brandenburg Original Kaisersuelze in Scheiben 250g;4
03/16/2022;Nestl Nesquik kakaohaltiges Getraenkepulver 500g;5
03/16/2022;Sinnack Kaiserbroetchen Weizen 200g 4 Stueck;2
03/16/2022;Wuerttemberger Rotwein QbA halbtrocken 1l;3
03/16/2022;REWE Bio Penne Rote Linse 250g;3
03/23/2022;ja! Stapelchips Sour Cream & Onion 175g;5
03/23/2022;Weihenstephan Fruchtquark Himbeere 500g;3
03/23/2022;REWE Bio Edelschinken 70g;1
03/23/2022;Nissin Cup Noodles Shrimps 63g;4
03/23/2022;Barilla Pastasauce Basilico 200g;2
03/23/2022;Schwarzkopf 3 Wetter Taft Power Wax 75ml;5
03/23/2022;Gizeh Slim Filter 120 Stueck;1
03/23/2022;Maille Koerniger Senf nach alter Art 200ml;1
03/23/2022;Milka Mini Cones 8x25ml;4
03/23/2022;Milka Grotafel Schoko & Keks 300g;3
03/23/2022;ja! Fettarmer Joghurt mild Pfirsich-Mango 250g;5
03/23/2022;Signal Junior Zahnpasta Zahngel 75ml;4
03/23/2022;Mueller Milchreis Pflaume-Zimt 200g;5
03/23/2022;Rama mit Buttermilch verfeinert 225g;5
03/23/2022;REWE Beste Wahl Baby Feuchttuecher Classic 2x80 Stueck;2
03/23/2022;Ruf Agartine 30g;5
03/23/2022;Duschdas Duschgel Fruit & Creamy 250ml;4
03/23/2022;Fritz-limo Orangenlimonade 24x033l;5
03/23/2022;Bio Zentrale Ahorn-Sirup 250ml;5
03/26/2022;Krone Fisch Rollmops in delikatem Aufguss 250g;3
03/26/2022;Bahlsen Walnuss Stollen 400g;1
03/26/2022;Schlecker-Schnee Zitrone 100g;5
03/26/2022;Sagrotan Hygienetuecher 15 Stueck;4
03/26/2022;REWE Feine Welt Italiens Harmonie 190g;3
03/26/2022;Wilhelm Brandenburg Bayerischer Leberkaese 250g;5
03/26/2022;Innocent Granatenstark 250ml;3
03/26/2022;Primello Minirolle Kraeuter;5
03/26/2022;REWE Bio Honig-Dinkel-Pops 250g;1
03/26/2022;Ben & Jerrys Classic Mix Familienpackung Eis 4x100ml;3
03/26/2022;Bio Zentrale Kichererbsenmehl 400g;5
04/01/2022;Prsident Carre Gourmet 200g;3
04/01/2022;Wilhelm Brandenburg Chili-Peitschen 100g;5
04/01/2022;ja! Kaustreifen mit Rind 20 Stueck;1
04/01/2022;Regina Softis 42x10 Stueck;5
04/01/2022;Karamalz 6x033l;2
04/01/2022;Harry Mini-Butter-Hoernchen 250g;2
04/01/2022;Weideglueck Gran Gusto Milchreis classic 800g;1
04/01/2022;Somat Classic Pulver XXL 150WL 3kg;2
04/01/2022;REWE Beste Wahl Delikatess-Metzgerschinken 150g;4
04/01/2022;Softlan Weichspueler Fruehlingsfrisch 1l 28WL;4
04/01/2022;ja! Lasagne Bolognese 1kg;4
04/01/2022;Wilhelm Brandenburg Puten-Geschnetzeltes frisch 400g;1
04/01/2022;Gepa Cacao pur Afrika 250g;5
04/01/2022;True Fruits Smoothie triple purple 750ml;3
04/01/2022;Wegenstein Gruener Veltliner oesterreich trocken 1l;4
04/08/2022;Dr Oetker Ristorante Vegetale 385g;5
04/08/2022;REWE Bio Haehnchenlyoner 70g;3
04/08/2022;Vivess Zahnstocher in Box 200 Stueck;2
04/08/2022;Innocent Beetgefluester 250ml;4
04/08/2022;Koelln Muesli Fruechte ohne Zuckerzusatz 500g;2
04/08/2022;Wilhelm Brandenburg Pizza-Fleischkaese 100g;3
04/08/2022;Landliebe Griepudding mit feiner Vanille 150g;3
04/08/2022;Kelloggs Tresor Choco Nougat 375g;4
04/08/2022;REWE Beste Wahl Soja-Eis Schokolade 500ml;2
04/08/2022;Bahlsen Suee Lust 200g;2
04/08/2022;Hawesta Bratheringe in Marinade 500g;1
04/08/2022;JPS Red XL Volume 140g;4
04/08/2022;Krone ASC Forellen-Filets 125g;4
04/08/2022;Bont Divina Panna cotta Caramello 2x120g;4
04/08/2022;Bernard Matthews Oldenburg Haehnchenbrust-Filetstuecke Paprika 150g;3
04/08/2022;Today Bodylotion 500ml;5
04/08/2022;Pfanner 100% Orangensaft 2l;5
04/08/2022;Fleischtomaten;3
04/08/2022;Rosmarin in der Schale 15g;3
04/08/2022;Werder Feinkost Tomatenketchup 500ml;2
04/15/2022;Sensodyne Sanftwei 75ml;3
04/15/2022;Feinkost Dittmann Piri Piri feurig-scharfe Chilischoten 60g;1
04/15/2022;Costa Frutti di Mare Premium 300g;1
04/15/2022;Bresso Frischkaese Feine Kraeuter 8x15g;1
04/15/2022;Teekanne Spanische Orange 50g 20 Beutel;2
04/15/2022;ja! Fischstaebchen 450g 15 Stueck;1
04/15/2022;Herbacin Kamille Handcreme Tube 75ml;4
04/15/2022;Weizenmischbrot 1000g;3
04/15/2022;REWE Bio Black Tiger Garnelen 160g;3
04/15/2022;ja! Kaffeesahne 20x10g;1
04/15/2022;Franziskaner Alkoholfrei 20x05l;4
04/15/2022;Ja! Soft-Aprikosen 250g;3
04/15/2022;REWE Beste Wahl Triple Fun 100ml 8 Stueck;3
04/15/2022;Wilhelm Brandenburg Schweine-Gulasch aus dem Schinken 500g;3
04/15/2022;Duftteelichte Magnolie 16 Stueck;2
04/15/2022;Vernel Soft & Oils Gold 600ml;1
04/20/2022;Maggi Bio Gemuese Bouillon 55l;1
04/20/2022;Domestos WC Stein Power 5 Limette 55g;5
04/20/2022;Dr Oetker Zitronen-Wolke 430g;4
04/20/2022;Milka Kuechlein Choco-Trio 150g;2
04/20/2022;Hipp Bio-Huehnchenfleisch Zubereitung 125g;1
04/20/2022;Iglo Dinkel Risotto Tomate 400g;3
04/20/2022;REWE Beste Wahl Goldweizen 1kg;4
04/23/2022;Ruegenwalder Muehle Teewurst fein;3
04/23/2022;ja! Tortilla-Chips mit Kaesegeschmack 300g;3
04/23/2022;Suekartoffel;3
04/23/2022;Langnese Flotte Biene Wildblueten-Honig 500g;4
04/23/2022;Deutsches Weintor Dornfelder Pfalz QbA trocken 075l;3
04/23/2022;Wirsing;5
04/30/2022;Bonne Maman Caramel 380g;1
04/30/2022;Rauch Happy Day Cocos-Ananas 1l;3
04/30/2022;Wiesbauer Weinviertler Winzerwurst 80g;4
04/30/2022;Kluth Walnusskerne 100g;2
04/30/2022;Gervais Kraeuterquark pikant 150g;2
04/30/2022;ja! Dampfgemuese mit Reis 300g;1
04/30/2022;Andechser Natur Bio-Jogurt Vanille 4x100g;5
04/30/2022;Uncle Bens Express Basmati- & Thai-Reis 250g;2
04/30/2022;Toppits Frischhaltefolie 40m;3
05/06/2022;Berliner Kindl Weisse Himbeere 6x033l;1
05/06/2022;Knorr Natuerlich Lecker Salatdressing Gartenkraeuter 4 Stueck;2
05/06/2022;ZooRoyal Katzennahrung Knusperkissen mit Lachs 70g;2
05/06/2022;Plomari Ouzo 07l;2
05/06/2022;Mona Gourmet Kaffee gemahlen 500g;2
05/06/2022;REWE Beste Wahl Gruenkohl mit Mettwurst 400g;5
05/06/2022;Monster Energy Assault 05l;4
05/06/2022;Today Arztseife 500ml;1
05/06/2022;3 Glocken Genuss Pur Mini-Maccaroni 500g;3
05/06/2022;Hansano H-Weidemilch 39% 1l;1
05/06/2022;REWE Bio Zwiebeln rot 300g Netz;1
05/06/2022;REWE Beste Wahl Aprikose-Pfirsich Konfituere 340g;4
05/06/2022;Original Wagner Die Backfrische Salami 320g;5
05/06/2022;Seraphos Joghurt griechische Art 4x100g;4
05/06/2022;Teekanne Origins Earl Grey Sued-Indien 35g 20 Beutel;1
05/06/2022;Clausthaler Classic Premium Alkoholfrei 6x033l;1
05/06/2022;Fit Spuelmittel Original 750ml;5
05/06/2022;REWE Beste Wahl Delikatess-Gourmetsalami 80g;1
05/06/2022;ZooRoyal Vital-Menue Adult Katze 750g;1
05/11/2022;Oryza Milchreis 500g;2
05/11/2022;Cherrytomaten gelb 250g;4
05/11/2022;Paulaner Weibier Zitrone naturtrueb 6x033l;5
05/11/2022;Ritter Sport Rum 200g;3
05/11/2022;ja! Bordelaise Schlemmer-Filet 400g;5
05/11/2022;Buenting Tee Rooibos Sahne-Karamell 35g 20 Beutel;4
05/11/2022;Hipp Pre HA-Combiotik 500g;1
05/18/2022;Wilhelm Brandenburg Fleischkaese grob 100g;3
05/18/2022;Frosch Zitronen-Scheuermilch 500ml;5
05/18/2022;Valensina Fruehstuecks-Orange Blutorange 1l;4
05/18/2022;Porto Alvarez Tawny 075l;4
05/18/2022;REWE Beste Wahl Kuchenglasur Dunkel 100g;3
05/18/2022;Krone Fisch Bio-Garnelen 90g;1
05/18/2022;Lenor parfumelle Amethyst Bluetentraum 30WL 900ml;1
05/18/2022;Maxwell House Kaffee Instant-Granulat 200g;3
05/18/2022;Zewa Wisch & Weg Kuechenrolle Design 2x72 Blatt;2
05/18/2022;Cottonelle Feucht Pure Sensitive 42 Stueck;3
05/18/2022;ja! Glasreiniger 1l;5
05/18/2022;Erasco Koenigsberger Klopse 800g;3
05/18/2022;Lorenz Saltletts Mini-Brezel 125g;2
05/18/2022;ja! Kondensmilch 75% 340g;3
05/18/2022;Weiss Meisterklasse Gefuellte Lebkuchen-Herzen Vollmilch 300g;2
05/18/2022;Suntat Kidney-Bohnen 500g;5
05/18/2022;Piasten Big Ben Erdnuesse 400g;1
05/18/2022;Uncle Bens Basmati-Reis 500g;1
05/18/2022;Spreewaldhof Pfelino Erdbeere 100g;5
05/18/2022;Marlboro Gold XXL 27 Stueck;4
05/24/2022;Laurenza Prosecco 075l;3
05/24/2022;Whiskas Katzenmilch 200ml;5
05/24/2022;Sheba Katzenfutter Selection in Sauce mit Lachs 85g;5
05/24/2022;Pringles Tortilla Chips Nacho Cheese 180g;2
05/24/2022;Dr Oetker Marmorkuchen 172g 4 Stueck;1
05/24/2022;Ostmann Paprika edelsue 35g;4
05/24/2022;Diamant Weichweizengrie 500g;1
05/24/2022;Feinkost Dittmann Ajvar scharf 340ml;1
05/24/2022;Dr Oetker Maulwurfkuchen 435g;4
05/24/2022;REWE Bio Ananas;1
05/24/2022;Innocent Apfel & Himbeere 900ml;5
05/24/2022;Tante Fanny Frischer Quiche- und Tarteteig 300g;3
05/24/2022;Milka Alpenmilch 270g;1
05/25/2022;REWE Feine Welt Deutsches Gefluegel 400ml;2
05/25/2022;Basilikum in der Schale 15g;1
05/25/2022;Nadler Fischers Bester Heringssalat rot 200g;5
05/25/2022;Wolf Gelbwurst 100g;4
05/25/2022;Koelln Muesli Schoko 30% weniger Zucker 600g;3
05/30/2022;REWE Beste Wahl Urvaeter Schnitten 250g;3
05/30/2022;REWE Bio Meersalz mit Kraeutern & Gewuerzen 90g;1
06/06/2022;P&W Remoulade 255g;1
06/06/2022;Haribo Piraten-Mix 200g;1
06/06/2022;Landliebe Butter 250g;5
06/06/2022;Glocken Baeckerei Bauernschnitten 500g;1
06/06/2022;REWE Beste Wahl Choco-Chip-Eiscreme 900ml;4
06/06/2022;Hipp Blaubeere in Apfel-Joghurt-Muesli 160g;2
06/06/2022;Gemuesezwiebel 500g;2
06/06/2022;m&ms Peanut 330g;3
06/06/2022;Valensina Mildes Fruehstueck Orange-Mango-Ananas 1l;4
06/06/2022;Prato Belli Cantuccini alla Mandorla 250g;4
06/06/2022;Lavazza Crema e Gusto 250g;5
06/06/2022;Wilhelm Brandenburg Bierschinken 100g;4
06/06/2022;Nivea Sanfter Augen Make-Up Entferner 125ml;1
06/06/2022;REWE Beste Wahl Ananassaft 1l;3
06/06/2022;REWE Bio H-Vollmilch 38% 1l;2
06/06/2022;Dr Oetker Butter-Vanille-Aroma 4 Stueck;1
06/06/2022;Chivers English Orange Marmelade 340g;5
06/06/2022;Marlboro Gold 10x20 Stueck;4
06/11/2022;Hella Birne Erfrischungsgetraenk 6x075l;5
06/11/2022;Costa Tintenfisch Tuben 400g;1
06/11/2022;Leibniz Minis Choco 125g;5
06/11/2022;Coca-Cola Zero koffeinfrei 12x1l;4
06/18/2022;Mueller Kalinka fettarmer Kefir mild 500g;1
06/18/2022;ja! Gemuesemais 285g;3
06/18/2022;Perwoll Feinwaschmittel Wolle & Feines fluessig 15l 16WL;2
06/18/2022;Harry Sonnenkernbrot 500g;2
06/18/2022;Mutti geschaelte Tomaten 260g;1
06/18/2022;REWE Beste Wahl Delikatess-Senf 200ml;2
06/18/2022;ja! Katzenfutter Genieer-Menue Verschiedene Fleischsorten in Sauce 14x100g;3
06/18/2022;REWE Bio Apfelrotkohl tafelfertig 385g;3
06/18/2022;Lenor Weichspueler Wild Flower Bloom 900ml 30WL;2
06/18/2022;Schulte Edelsalami extra;5
06/18/2022;Volvic Touch Zitrone-Limette 6x075l;5
06/18/2022;Bonduelle Gruene Brechbohnen fein 455g;4
06/18/2022;Active O2 Pfirsich-Weier-Tee 075l;5
06/18/2022;De Beukelaer Prinzenrolle 400g;4
06/18/2022;Wilhelm Brandenburg Haehnchenherzen 350g;1
06/18/2022;Nissin Cup Nudeln Tomate 63g;2
06/21/2022;Knorr Activ Penne mit Broccoli 146g;4
06/21/2022;REWE Bio Rinder Rumpsteak 200g;2
06/21/2022;Laetta & Butter 225g;5
06/21/2022;Ajax Allzweckreiniger Frischeduft 1l;2
06/21/2022;Vivess Packband;5
06/21/2022;Herta Saftige Fleischwurst 500g;1
06/21/2022;7 Days Double Croissants Kakao-Vanille 4x60g;5
06/21/2022;Sarotti Tiamo Marc de Champagne 125g;5
06/21/2022;Memer Salbei-Mischung mit Eukalyptus 44g 25 Beutel;1
06/21/2022;Uncle Bens Express Basmati- & Thai-Reis 250g;4
06/21/2022;Today Duschgel Energy 2in1 300ml;3
06/21/2022;Beckers Bester Orangensaft Direkt 1l;2
06/21/2022;Maggi Jaeger Sauce 2x250 ml;2
06/21/2022;Wrigleys Airwaves Cool Cassis  Vitamin C Multipack 3x10 Stueck;3
06/21/2022;Goldmaennchen-Tee Pfefferminze 45g;1
06/21/2022;Koelln Muesli Cranberry 500g;5
06/21/2022;Maggi NaturPur Bio Klare Gemuesebruehe 128g ergibt 8l;3
06/21/2022;Xox Erdnuesse ungesalzen 1kg;3
06/23/2022;Hipp Couscous mit Gemuese & Bio-Huehnchen 220g;1
06/23/2022;Lorenz Naturals mit Balsamico 110g;1
06/23/2022;Harry Sonnenkernbrot 500g;5
06/23/2022;Berchtesgadener Land Haltbare Bergbauern-Milch 35% 1l;5
06/23/2022;REWE Beste Wahl Mini-Magic 8x50ml;5
06/23/2022;Meica Truemans American Hot-Dog 350g;4
06/23/2022;Hengstenberg Mildessa Mildes Sauerkraut 350g;2
06/23/2022;Hipp Bio-Huehnchenfleisch Zubereitung 125g;2
06/23/2022;Kronenhof Eierlikoer 16% 07l;4
06/23/2022;Schaer Landbrot 240g;3
06/23/2022;Bulldog London Dry Gin 07l;2
06/23/2022;Baron Philippe de Rothschild trocken 075l;2
06/23/2022;Harry 1688 Steinofenbrot 250g;1
06/25/2022;Leibniz Knusper-Snack Cornflakes Schoko 150g;4
06/25/2022;Popp Fleischsalat 3x40g;5
06/25/2022;West Silver XL-Box 25 Stueck;2
06/25/2022;Palmolive Spuelmittel 4in1 500ml;3
06/25/2022;Koelln Muesli Fruechte 600g;1
06/29/2022;ueltje Erdnuesse ohne Salz 200g;3
06/29/2022;Wilhelm Brandenburg Fleischwurst in Streifen 300g;1
06/29/2022;Kneipp Aroma-Pflegeschaumbad Zeit fuer Traeume 400ml;2
06/29/2022;Iglo Heimatliebe Feine Landschnitzel nach Wiener Art 350g;1
06/29/2022;Le Sweet Filou blanc sue 075l;4
06/29/2022;Sidolin Multi-Flaechen 500ml;4
06/29/2022;Jacobs 2 in 1 140g 10 Sticks;1
06/29/2022;REWE Beste Wahl Spaghetti Bolognese 400g;2
06/29/2022;Nestl Milchmaedchen 9% 170g;2
06/29/2022;REWE Beste Wahl Pastasauce Bolognese 380ml;3
06/29/2022;Tassimo Jacobs Latte Macchiato weniger sue 236g 8 Kapseln;3
06/29/2022;Budweiser Budvar Premium Lager 20x05l;3
06/29/2022;REWE Beste Wahl Hand und Gesichts-Reinigungstuecher sensitiv 25 Stueck;3
07/03/2022;Febreze Auto Lufterfrischer Fruehlingserwachen 2ml;1
07/06/2022;REWE Beste Wahl Baby Wattestaebchen 56 Stueck;5
07/06/2022;Brandt Mueslis Kakao  Quinoa 105g;1
07/06/2022;Gepa Bio Caf Organic gemahlen 500g;4
07/06/2022;Maggi Bruehwuerfel 10x250ml;1
07/06/2022;REWE Beste Wahl Kuerbiskernbrot 500g;3
07/06/2022;Iglo Feldfrisch Gartenkraeuter 40g;5
07/06/2022;Ja! Schwarzer Pfeffer gemahlen 50g;4
07/06/2022;Duftteelichte Magnolie 16 Stueck;1
07/06/2022;Nordsee Rauchmatjes MSC 200g;2
07/06/2022;Schwartau Extra Erdbeere 340g;5
07/06/2022;Steinhaus Ziegenfrischkaese-Raviolo 200g;5
07/06/2022;Nadler Alaska-Seelachs-Schnitzel 125g;1
07/06/2022;REWE Beste Wahl Joghurt mild Vanille 250g;3
07/06/2022;Power System Active Bar Erdbeer-Vanille 35g;2
07/06/2022;Landliebe Fruchtcreme Waldbeeren 200g;3
07/06/2022;Ruegenwalder Bio Baerlauch Lyoner 80g;2
07/06/2022;ja! Vollwaschmittel 15l 20WL;4
07/06/2022;Bulls-Eye Longhorn BBQ Sauce Original 425ml;4
07/06/2022;Pringles Sweet Paprika 190g;5
07/12/2022;REWE Bio Sojadrink mit Calcium 1l;5
07/12/2022;ja! Gurkentopf 530g;1
07/12/2022;Maggi Instant Klare Rinds-Bouillon 6l;3
07/12/2022;REWE Beste Wahl Baguette Speciale 250g;2
07/12/2022;REWE Bio Heidelbeeren tiefgefroren 300g;2
07/16/2022;Erdbaer Freche Freunde Knusper-Flippies Mais 25g;4
07/22/2022;Arla Finello Pastakaese gerieben 150g;3
07/22/2022;Hohes C Plus Antioxidantien 1l;2
07/26/2022;Galbani Ricotta frisch 250g;5
07/26/2022;REWE Bio Baendli 300g;5
07/26/2022;Barilla Pasta Nudeln Spaghetti n5 500g;1
07/26/2022;Bresso Frischkaese Balance Kraeuter 150g;4
07/26/2022;ZooRoyal Pastete mit Rind und Leber 150g;4
07/26/2022;Bamboo Garden Kokosmilch 400ml;2
07/26/2022;Henkell Sekt trocken 075l;3
07/26/2022;Alpro Soja-Drink Bio 1l;3
07/26/2022;Weihenstephan Rahmjoghurt Pfirsich-Maracuja 150g;3
07/26/2022;ja! Roggenvollkornbrot 500g;4
07/26/2022;Maggi NaturPur Bio Klare Gemuesebruehe 128g ergibt 8l;1
07/26/2022;REWE Bio Paprika 400g;3
07/26/2022;Wilhelm Brandenburg Mortadella mit Paprika 100g;3
07/26/2022;DanKlorix Schimmel Stop Spray 750ml;4
07/30/2022;Erben Dornfelder Barrique Pfalz QbA trocken 075l;4
07/30/2022;Ankerkraut Italienische Kraeuter 20g;5
07/30/2022;Kleinemas Geraeucherter Rueckenspeck extra dick 300g;4
07/30/2022;Stuehrk MSC Deutscher Caviar 100g;5
07/30/2022;Chupa Chups Do you love me Lollipops 120g 10 Stueck;4
07/30/2022;Erasco Graupentopf 800g;2
07/30/2022;Beemster Pikant Scheiben 165g;5
07/30/2022;REWE Beste Wahl Nuss-Kuerbiskern-Mix 200g;1
07/30/2022;ja! Lachsfilets 250g;3
07/30/2022;ja! Zarte Haferflocken 500g;1
07/30/2022;Le Mazet Salami 200g;2
07/30/2022;Pedigree Zahnpflege Hundesnack Dentastix fuer mittelgroe Hunde 7 Stueck;2
07/30/2022;Weight Watchers Zum Ausloeffeln Huehner-Nudelsuppe 400ml;4
07/30/2022;Hipp Karotten mit Reis & Wildlachs 220g;2
07/30/2022;REWE Beste Wahl Joghurtdressing fettreduziert 200ml;2
08/05/2022;Rana Gnocchi di Patate 500g;1
08/05/2022;LOral Paris Elvital Shampoo Color Glanz 300ml;1
08/05/2022;Senseo Caf Latte 92g 8 Pads;1
08/05/2022;Selters Classic 12x1l;1
08/05/2022;Weihenstephan Fruchtquark Himbeere 150g;3
08/05/2022;Buebchen Babypflege Kinder Shampoo 400ml;4
08/05/2022;Zott Sahnejoghurt Amarena-Kirsch 150g;3
08/05/2022;Delysoy Soja Fettuccine Gruen 230g;4
08/05/2022;Finish Calgonit Classic XXL 85 Tabs;4
08/05/2022;Wiltmann Edelsalami 200g;1
08/05/2022;Coca-Cola light 1l;5
08/05/2022;Rexona Deospray Cotton Dry Anti-Transpirant 150ml;1
08/05/2022;Knorr Fix Tomaten Bolognese 47g;2
08/05/2022;Sacl Pesto Verde vegan 190g;3
08/05/2022;Mueller Joghurt mit der Ecke Schoko-Erdnuss-Mix 113g;2
08/05/2022;Becks Pils 6x033l;5
08/05/2022;REWE Beste Wahl Fruechtetee Tuerkischer Apfel 55g 20 Beutel;1
08/11/2022;MinusL H-Vollmilch 38% 1l;3
08/11/2022;Steitz & Beck Grauburgunder trocken 075l;3
08/11/2022;Spreewaldhof Letscho-Gemuese 680g;1
08/11/2022;merci Finest Selection Mandel-Knusper-Vielfalt 250g;1
08/11/2022;Schneekoppe Moehrensaft 330ml;2
08/11/2022;Karamalz 6x033l;1
08/11/2022;Astra Rakete 6x033l;5
08/11/2022;Wilhelm Brandenburg Mini-Schinkenknacker 200g;5
08/12/2022;Febreze Textile Aprilfrisch 500ml;2
08/12/2022;nimm2 Bonbons 240g;1
08/12/2022;REWE Feine Welt Brasiliens Rind 400ml;4
08/12/2022;Weihenstephan Frische Alpenmilch 15% 1l;3
08/12/2022;Hipp Muschelnudeln mit Tomaten und Zucchini 250g;5
08/12/2022;Almette Pur Schalotte-Petersilie 125g;1
08/12/2022;Rexona women Shower fresh Deo-Spray 150ml;3
08/12/2022;Lawa Plaetzchenteig Marzipan 300g;4
08/12/2022;Monster Energy Punch 05l;4
08/12/2022;Danone Activia Pfirsich-Maracuja 4x125g;5
08/17/2022;Tassimo Jacobs Caf Au Lait Classico 184g 16 Kapseln;1
08/17/2022;Flensburger Pilsener 16x05l;4
08/17/2022;Mueller Milchreis Vanilla 200g;4
08/17/2022;Maggi Ein Teller Ravioli Bolognese 340g;3
08/17/2022;REWE Beste Wahl Edel Bitter 72% 100g;4
08/17/2022;REWE Feine Welt Brasiliens Rind 400ml;2
08/17/2022;Chili Mix 60g;2
08/17/2022;NOA Brotaufstrich Linse Curry 175g;4
08/17/2022;Danone Disney Cars Joghurt Erdbeere-Banane 4x125g;5
08/17/2022;Bernard Matthews Oldenburg Haehnchen-Kasseler 150g;4
08/17/2022;Coppenrath & Wiese Cafeteria fein & sahnig Wochenendglueck Gebaeckstuecke 405g;5
08/17/2022;Eilles Gourmet Caf Caff Crema ganze Bohne 1kg;2
08/17/2022;Andechser Natur Bio H-Ziegenmilch 15% 1l;5
08/17/2022;Bamboo Garden Mie-Nudeln 250g;4
08/17/2022;Air Wick Duftgel Bluetenfrisch 150g;4
08/17/2022;Fever-Tree Mediterranean Tonic Water 02l;1
08/18/2022;Purina One Katzenfutter Adult Huhn & Vollkorn 800g;1
08/18/2022;Fritz-limo Melonenlimonade 033l;4
08/18/2022;REWE Beste Wahl Gourmetbroetchen 480g;1
08/18/2022;Die Besten von Ferrero Nuss-Edition 253g;5
08/18/2022;Milka Grotafel Peanut Caramel 276g;3
08/18/2022;Portugiesischer Ros lieblich 1l;2
08/18/2022;REWE Beste Wahl Magic Mandel Wei 4x90ml;5
08/18/2022;Rotkaeppchen Sekt alkoholfrei 075l;5
08/18/2022;Kluth Nukernmischung 200g;2
08/18/2022;Leffe Blonde 033l;1
08/18/2022;Haribo Schluempfe 1350g;1
08/22/2022;Weight Watchers Gut aufgetischt Thai Green Curry 350g;3
08/22/2022;REWE Beste Wahl Knusper Muesli Honig Nuss 500g;1
08/22/2022;Ibis Original franzoesische Schokobroetchen 360g;2
08/22/2022;Natreen Classic Suestoff Tabletten Spender 500 Stueck;5
08/22/2022;Senseo Kaffeepads Cappuccino 92g 8 Pads;5
08/22/2022;Lauffener Katzenbeisser Trollinger mit Lemberger QbA halbtrocken 1l;2
08/22/2022;Ananas klein extra sweet;3
08/22/2022;ja! Mandeln gehackt 100g;2
08/22/2022;Monster Energy Ultra Sunrise 05l;2
08/22/2022;Maggi Bruehwuerfel 10x250ml;1
08/22/2022;Coppenrath & Wiese Kleiner Augenblick Himbeer-Mascarpone 180g;5
08/22/2022;Felix Katzenfutter Haeppchen in Gelee Lachs & Forelle 400g;4
08/22/2022;Marlboro Red XL 23 Stueck;4
08/22/2022;Minze im Topf;2
08/22/2022;Kajnok Fettuccine Slim 270g;4
08/22/2022;REWE Beste Wahl Alaska Seelachsfilet 800g;5
08/22/2022;Always Ultra Damenbinden Normal mit Fluegeln Vorteilspack 26 Stueck;5
08/22/2022;Sheba Katzenfutter Sauce Lover mit Thunfisch 85g;5
08/22/2022;Mondamin American Pancake 215g;3
08/24/2022;WC Frisch Kraft-Aktiv Bluetenfrische 50g;3
08/24/2022;Lea & Perrins Worchestershire-Sauce 150ml;5
08/24/2022;Schwarzkopf Gliss Kur Total Repair Express-Repair-Spuelung 200ml;1
08/24/2022;REWE Bio Paprika Mix 400g;4
08/24/2022;Somat Classic Pulver XXL 150WL 3kg;3
08/24/2022;ja! WC-Duftstein Limonenfrische 3x55ml;5
08/24/2022;Marlboro Gold XL 23 Stueck;4
08/24/2022;REWE Feine Welt Dunkles Geheimnis 200g;2
08/24/2022;ja! Professional White 46 Dragees;1
08/25/2022;Nestl KitKat Chunky Schokoriegel Milchschokolade 5x40g;2
08/25/2022;Maggi Delikatess Sauce zu Braten 3x250ml;4
08/25/2022;Barilla Pasta Nudeln Maccheroni n44 500g;2
08/25/2022;REWE Beste Wahl Tomatenpaprika 300g;1
08/25/2022;Nadler Kartoffelsalat Joghurt 400g;2
08/25/2022;REWE Beste Wahl Spaghetti mit Frischei 500g;3
08/25/2022;Kuehne Salata fertige Salatwuerze 750ml;4
08/25/2022;ja! Geriebener Gratin- und Pizzakaese 200g;1
08/25/2022;Toppits Frischhaltefolie 40m;5
08/25/2022;Elinas Joghurt Griechischer Art Brombeere 4x150g;2
08/25/2022;Today Baumwollwatte 100g;1
08/25/2022;Schauma Shampoo Oil & Aloe Vera 400ml;1
08/25/2022;Funny-frisch Kessel Chips Salt & Vinegar 120g;4
08/25/2022;REWE to go Pastinakenrahmsuppe 430ml;2
08/25/2022;Wawi Blockschokolade Zartbitter 200g;1
08/25/2022;Somat 7 All in 1 Multi Aktiv 1044kg 58 Tabs;1
08/30/2022;Hipp Bio-Huehnchenfleisch Zubereitung 125g;1
08/30/2022;ja! Emmentaler am Stueck 400g;1
08/30/2022;Bergbauern Kaese Minilaib mild-cremig 300g;2
08/30/2022;Hansano H-Weidemilch 39% 1l;3
08/30/2022;Koriander 15g Schale;1
08/30/2022;Spreewaldhof Das andere Apfelmus 700g;3
08/30/2022;Conditorei Coppenrath & Wiese Feinste Sahne Unsere Besten Tortenstuecke 800g;3
08/30/2022;Garnier Hautklar 3in1 Reinigung  Peeling  Maske 150ml;5
08/30/2022;REWE Feine Welt Suekartoffelchips mit Sauerrahm 125g;5
08/30/2022;Schoefferhofer Hefeweizen 20x05l;4
08/30/2022;Ritter Sport Edel-Bitter 100g;4
08/30/2022;Fritt Kaustreifen Kirsch 70g;5
08/30/2022;Little Lunch Bio Smoothie Red 250ml;3
08/30/2022;Elpozo Chorizo Sarta Picante 225g;3
08/30/2022;Vio Bio Limo leicht Zitrone-Limette-Minze 4x1l;3
08/30/2022;Ehrmann Bighurt Pur 35% 4x125g;4
08/30/2022;Bautzner Fix Tomatensoe 400ml;5
09/02/2022;MiXery BierColaX 05l;3
09/02/2022;Ehrmann Almighurt Schoko 150g;3
09/02/2022;La Chouffe Golden Ale 033l;5
09/02/2022;Hochland Sandwich-Scheiben Bauernhof 175g;2
09/02/2022;Kuechenmeister Kartoffelbrot-Backmischung 500g;1
09/02/2022;REWE Beste Wahl Maxi Binde Lang mit Fluegeln 14 Stueck;3
09/02/2022;REWE Beste Wahl Hand und Gesichts-Reinigungstuecher sensitiv 25 Stueck;2
09/02/2022;Knorr Fix Chili Con Carne 37g;4
09/02/2022;Toppits Alufolie 24m;4
09/06/2022;Erben Dornfelder Barrique Pfalz QbA trocken 075l;3
09/06/2022;Leibniz Kunterbunt 150g;2
09/06/2022;REWE Bio Rahmspinat tiefgefroren 450g;2
09/06/2022;Dr Oetker Tradizionale Tonno e Cipolla 400g;2
09/06/2022;Pomito Bio Passierte Tomaten 500g;3
09/07/2022;Toblerone Schokolade 100g;1
09/07/2022;Ruegenwalder Muehle Vegetarische Muehlen-Schnitzel Cordon bleu 200g;2
09/07/2022;3 Glocken Genuss Pur Mini-Maccaroni 500g;4
09/07/2022;REWE Regional Salami 1a 100g;3
09/07/2022;REWE Beste Wahl Silberzwiebeln 190g;3
09/07/2022;Memer Brennnessel-Mischung 50g 25 Beutel;4
09/07/2022;REWE Bio Italienisches Kraeutersalz 50g;5
09/07/2022;Haribo Saure Gurken 1350g;2
09/10/2022;Chili Mix 60g;1
09/10/2022;Memer Suedafrikanischer Ovambo Rooibos-Vanille 40g 20 Beutel;3
09/10/2022;ja! Joghurt-Drink Pfirsisch-Maracuja 01% 500g;1
09/10/2022;Somat Klarspueler 750ml;2
09/10/2022;Weihenstephan Frischer Joghurt mild 01% 500g;1
09/10/2022;Papaya essreif;3
09/10/2022;Ruegenwalder Muehle Vegetarische Muehlen Salami 80g;2
09/10/2022;Weiss Meisterklasse Feine Oblatenlebkuchen 200g;1
09/10/2022;REWE Bio Suekartoffeln 550g;2
09/10/2022;REWE Beste Wahl Baguette 360g;1
09/10/2022;Febreze Textile Sommerbrise 500ml;4
09/10/2022;ueltje Extra Roast Erdnuesse gesalzen 190g;4
09/15/2022;Hawesta Bratheringe in Marinade 500g;1
09/15/2022;Ostmann Pfeffer schwarz gemahlen 50g;1
09/15/2022;Lenor parfumelle Amethyst Bluetentraum 30WL 900ml;3
09/15/2022;Kelloggs Chocos 375g;4
09/15/2022;Sagrotan Fluessigseife Waldfruechte 250ml;4
09/15/2022;ja! Cranberries 200g;1
09/15/2022;Almette Pur Schalotte-Petersilie 125g;4
09/15/2022;Bio Zentrale Tomaten gewuerfelt 400g;4
09/15/2022;Wappenlese Rotwein lieblich 1l;5
09/15/2022;Dekoback Vanille-Extrakt 27g;4
09/15/2022;Penaten Creme 150ml;5
09/15/2022;ja! Apfelschorle 6x15l;4
09/15/2022;Muellers Muehle Couscous 500g;5
09/15/2022;Fa Seife Vitalizing Aqua 100g;3
09/15/2022;Kaliskaya Wodka super de Luxe 07l;1
09/17/2022;Mircoli Maccaroni mit Tomatensauce 5 Portionen 581g;5
09/17/2022;Florette Duo Feldsalat & Rucola 100g;4
09/17/2022;REWE Beste Wahl Leicht-Rohschinken 150g 3 Stueck;3
09/17/2022;Lindt Vollmilch Tafel 100g;4
09/17/2022;Persil Vollwaschmittel Sensitiv Megaperls 148kg 20WL;1
09/17/2022;Greco Schafmilchjoghurt 200g;1
09/17/2022;Cesar Hundefutter Klassiker mit zartem Huhn & Truthahn 150g;5
09/17/2022;ja! Harzer Kaese 200g;1
09/20/2022;Somat 10 All in 1 XXL 1030g 54 Tabs;2
09/20/2022;Silvaner QbA Rheinhessen trocken 075l;1
09/20/2022;Andechser Natur Bio-Jogurt mild Himbeer-Holunder 400g;2
09/20/2022;Maryland Cashewkerne 500g;5
09/20/2022;Melone Cantaloupe;3
09/20/2022;Energizer Alkaline Power AA Mignon 4er;1
09/20/2022;Hohes C Roter Multivitamin 1l;5
09/21/2022;REWE Bio Schinkenwurst 70g;4
09/21/2022;Erasco Mediterrane Tomatensuppe 390ml;2
09/21/2022;Wilhelm Brandenburg Haehnchenbrustfilet 100g;3
09/21/2022;Hohes C Hoch2 Direktsaft Roter Multi 800ml;2
09/21/2022;Bulldog London Dry Gin 07l;1
09/21/2022;Andechser Natur Bio-Rahmjogurt Kirsche 150g;1
09/21/2022;Erdbaer Freche Freunde Sanddorn & Buchweizen 100g;1
09/21/2022;Frosta Backofenfisch Knusprig Kross 240g;5
09/21/2022;Tante Fanny Strudelteigblaetter Filo- oder Yufkateig 250g;2
09/21/2022;Jack Links Beef Jerky Sweet & Hot 75g;4
09/21/2022;Milram Fruehlingsquark leicht 4x625g;2
09/28/2022;Hengstenberg Sandwich-Gurken kraeuterwuerzig 185g;5
09/28/2022;Koelln Muesli Schoko 30% weniger Zucker Vorratspack 2kg;4
09/28/2022;Dr Wolffs Biorepair Zahncreme 75ml;5
09/28/2022;ja! Kartoffeltopf mit Wuerstchen 800g;4
09/28/2022;ja! Sonnenblumenmargarine 500g;5
09/28/2022;Haribo Chamallows Soft-Kiss 200g;5
09/28/2022;REWE Beste Wahl Himbeer-Getraenkesirup 05l;2
09/28/2022;Mueller Joghurt mit der Ecke Rudis Weihnachten 150g;3
09/28/2022;Granini Die Limo Orange & Lemongras 6x05l;5
09/28/2022;Yogi Tea Schoko Bio 374g 17 Beutel;2
09/28/2022;Red Bull The Blue Edition 025l;4
09/28/2022;Memer Feinster Darjeeling 44g 25 Beutel;2
09/28/2022;Kinder Happy Hippo Cacao 5 Riegel;5
10/05/2022;Memer aegyptischer Amun Granatapfel-Honig 50g 20 Beutel;5
10/05/2022;REWE Beste Wahl Saft Birne-Mango-Minze 330ml;4
10/05/2022;Ostmann Kraeuter der Provence 15g;1
10/05/2022;Costa Garnelenpfanne Knoblauch 275g;2
10/05/2022;DocMorris Wundpflaster Sensitiv 10x6cm;1
10/07/2022;Schwaelbchen Speisequark 40% 250g;2
10/07/2022;Oral-B Zahnbuerste Classic Care mittel;3
10/07/2022;Brancott Estate Montana Sauvignon Blanc trocken 075l;4
10/07/2022;REWE Frei von Saatenbroetchen 240g;5
10/07/2022;Moevenpick Der Himmlische ganze Bohne 500g;2
10/07/2022;Dr Oetker Crme lgre 150g;2
10/07/2022;REWE Feine Welt Malaiische Laksa 290ml;5
10/12/2022;REWE Feine Welt Knoblauchzopf;1
10/12/2022;Wilhelm Brandenburg Kasseler Nacken ohne Knochen ca 800g;5
10/12/2022;REWE Feine Welt Knoblauchzopf;1
10/12/2022;Ritter Sport Ganze Mandel 100g;1
10/12/2022;Costa Wildlachsfilets MSC 250g;5
10/12/2022;ja! Festtags-Suppe mit Fleischkloechen & Eierstich 400ml;2
10/12/2022;Nestl Cini Minis Cerealien mit Zimtgeschmack und Vollkorn Maxi Pack 625g;3
10/12/2022;Dittman Sardellen-Filets in oel 100g;5
10/12/2022;Active O2 Himbeer-Cranberry 075l;3
10/12/2022;Bahlsen Suee Lust 200g;5
10/12/2022;Meica Curryking XXL fix & fertig 400g;3
10/14/2022;Hidrofugal Zerstaeuber Klassik 75ml;3
10/14/2022;Wiesbauer Knacker geschnitten 100g;3
10/14/2022;Apostels Sour Cream 250g;4
10/14/2022;Gazi Ziegenkaese 180g;4
10/14/2022;Profish Kabeljau-Filet frisch 300g;5
10/14/2022;Katjes Gruen-Ohr Hase 200g;3
10/14/2022;REWE Bio Clementinen 750g;5
10/14/2022;ja! Mandel-Eis am Stiel 6x120ml;5
10/14/2022;ZooRoyal Multipack Grill-Menue 8x85g;1
10/14/2022;Reis-fit Basmati-Reis 4x125g;4
10/14/2022;REWE Frei von Eis Fuerst Pueckler Art 900ml;4
10/14/2022;Apfel Braeburn rot 900g;5
10/14/2022;Monster Energy Rehab Green Tea 05l;1
10/14/2022;Diamant Raffinade fein 1kg;5
10/14/2022;Rondo Spuelbuerste aus Nylon oval;1
10/18/2022;Kitekat Katzenfutter Portionsbeutel Multipack Markt Mix in Gelee 12x100g;2
10/18/2022;Messmer Kanadischer Maple 50g;1
10/18/2022;Powerade Mountain Blast 05l;3
10/18/2022;Nivea Men Deo-Spray Invisible Black and White Antitranspirant 150ml;5
10/18/2022;Coppenrath & Wiese Alt-Boehmischer Kuchen Apfel-Walnuss 11kg;5
10/18/2022;Tena Lady Discreet Mini Einlagen fuer leichte Blasenschwaeche 20 Stueck;5
10/18/2022;Original Wagner Piccolinis Salami 270g 9 Stueck;2
10/24/2022;Ostmann Italienische Kraeuter 125g;1
10/24/2022;ja! Bourbon-Vanille-Eis 25l;4
10/24/2022;REWE Beste Wahl Vollmilch-Kuvertuere 200g;5
10/24/2022;REWE Beste Wahl Pangasiusfilets Praktisch Graetenfrei 475g;4
10/24/2022;REWE Beste Wahl Baby Comfort Windeln XL Gr 6 16-30kg 32 Stueck;4
10/24/2022;Berchtesgadener Land Butter aus Berg- & Alpenrahm 250g;5
10/24/2022;Lawa Plaetzchenteig Marzipan 300g;2
10/24/2022;Knorr Fix Nudel-Hackfleisch-Gratin 36g;3
10/24/2022;Maximal G Energy Drink 025l;2
10/24/2022;Lorenz Saltletts Sticks Classic 250g;5
10/24/2022;Vilsa Medium 12x07l;1
10/24/2022;Del Monte Mandarinen 175g;5
10/24/2022;Ananas gro extra sweet;4
10/24/2022;ja! Pikanter Fleischbaellchen-Topf mit Paprika & Kartoffeln 800g;5
10/24/2022;McDonalds Tomato Ketchup 500ml;1
10/24/2022;REWE Beste Wahl Feinschmecker-Sauerkraut 400g;4
10/24/2022;Maggi Fix & frisch Rahm-Geschnetzeltes 42g;5
10/24/2022;Popp Nordseekrabbensalat 125g;3
10/28/2022;Andechser Natur Bio-Fruchtquark Vanille 450g;3
10/28/2022;Kronenhof Eierlikoer 16% 07l;4
10/30/2022;Erasco Ochsenschwanzsuppe 385ml;2
10/30/2022;Zewa Wisch & Weg Kuechenrollen Sparblatt 4x74 Blatt;2
10/30/2022;Lambertz Erdnuss Berge 250g;5
10/30/2022;Knorr Fix Hackbraten 78g;2
10/30/2022;Jakordia Tabak American Blend 150g;5
10/30/2022;Toppits Gefrierbeutel mit Standboden 1l 40 Stueck;1
10/30/2022;Barilla Academia Pasta Nudeln Penne Rigate 500g;3
10/30/2022;REWE Beste Wahl Wiener Wuerstchen 250g 5 Stueck;4
10/30/2022;Schwarzkopf schauma Shampoo 4x5 Seiden-Kamm 400ml;2
10/30/2022;Messmer Kanadischer Maple 50g;5
10/30/2022;Ritter Sport Alpenmilch 100g;1
10/30/2022;Develey Mittelscharfer Senf 250ml;3
10/30/2022;Adidas Ice Dive 2in1 Shower-Gel 250ml;2
10/30/2022;ja! Natives Rapsoel 500ml;2
10/30/2022;Iglo Gemuese Ideen Kohlrabi & Pastinaken 400g;5
10/30/2022;WC-Ente Aqua Blue 4in1 Nachfueller 2x40g;1
10/30/2022;Dove Pflegendes Cremebad Mandelmilch und Hibiskusduft 750 ml;4
10/30/2022;Onken Vollkorn-Joghurt Pfirsich mild 500g;3
11/01/2022;Mazola Keimoel 750ml;3
11/04/2022;Bref Power WC Kraft-Gel 1l;1
11/04/2022;Danone Activia Muesli 4x125g;5
11/04/2022;Weihenstephan Die Streichzarte ungesalzen 250g;4
11/04/2022;Kuehne Zigeuner-Sauce 250ml;3
11/04/2022;ja! Sahne Schmelzkaesezubereitung 200g;3
11/04/2022;Gazi Ziegenkaese 180g;3
11/04/2022;Kaba Schokolade 500g;2
11/04/2022;Mr Muscle Kalk-fix Schnell-Entkalker 50g;3
11/04/2022;Innocent Super Smoothie Activate 360ml;3
11/04/2022;Max Jumbo Erdnuesse geroestet & gesalzen 300g;4
11/04/2022;Barilla Pesto Rosso 200g;2
11/04/2022;Iglo Gemuese Ideen Kohlrabi & Pastinaken 400g;1
11/04/2022;Ruf Pudding mit Vanillegeschmack 5 Stueck;3
11/04/2022;Dr Oetker Marmorette Pudding Schoko mit Splits 4x100g;2
11/04/2022;Wilhelm Brandenburg Deutsches Corned Beef 100g;5
11/04/2022;ja! Huehnernudeltopf 800g;1
11/04/2022;Coca-Cola light 6x2l;2
11/04/2022;Coolback Bauernbroetchen Saaten 480g;2
11/04/2022;Burg Apfelessig 1l;1
11/04/2022;Coca-Cola 4x15l;5
11/08/2022;Ostmann Salbei 10g;2
11/08/2022;ja! Delikatess-Bacon 100g;5
11/08/2022;REWE Bio Black Tiger Garnelen 160g;3
11/08/2022;Soliano Merlot Bio Vino de la Tierra de Castilla trocken 075l;1
11/08/2022;Staatl Fachingen Still 12x075l;3
11/08/2022;Mutti geschaelte Tomaten 260g;3
11/08/2022;Knorr Jaeger Soe 3x025l;4
11/08/2022;Kelloggs Tresor Choco Nougat 375g;4
11/08/2022;Kuehne Kuerbis 200g;3
11/11/2022;REWE Bio Soft-Aprikosen 200g;5
11/11/2022;Erasco Kartoffel-Cremesuppe 390ml;3
11/11/2022;Kronfels Bayrisch Hell 05l;2
11/11/2022;Gazi Grill- und Pfannenkaese Mediterrane Kraeuter 2x100g;4
11/11/2022;Dove Spuelung Intensiv Reparatur 200ml;4
11/11/2022;Lambertz Balena 125g;3
11/11/2022;REWE Beste Wahl Crme frache mit Kraeutern 200g;1
11/11/2022;Kelloggs Froot Loops 375g;5
11/11/2022;Tomaten getrocknet 200g;5
11/11/2022;ob ProComfort Mini 16 Stueck;3
11/11/2022;Herta Genuss Momente Grillschinken 100g;1
11/11/2022;Indonesia Bihunsuppe 390ml;5
11/11/2022;Iglo Apfel-Rotkohl 450g;4
11/12/2022;Lenz Moser Gruener Veltliner oesterreich trocken 075l;2
11/12/2022;Seeberger Datteln entsteint 200g;2
11/12/2022;Iglo Basilikum 40g;2
11/12/2022;Alpro Kokosnuss-Drink Choco 1l;2
11/12/2022;28 Black Sour Cherry 025l;4
11/12/2022;Hakle Klassisch Wei 3-lagig 8x150 Blatt;5
11/12/2022;Mentos Chewy Dragees Mint 3x38g;5
11/12/2022;ueltje Ofengebackene Erdnuesse gesalzen 190g;1
11/12/2022;ja! Joghurt mild 01% 500g;2
11/12/2022;Schaer Knusperbrot 150g;2
11/15/2022;Feinkost Dittmann Oliven gruen 160g;1
11/15/2022;Ritter Sport Halbbitter 100g;4
11/15/2022;Florette Feldsalat 100g;1
11/15/2022;Taylor & Colledge Bio-Vanille-Paste 50g;5
11/15/2022;Ritter Sport Halbbitter 100g;3
11/15/2022;REWE Bio Langkorn Parboiled Spitzen-Langkornreis 4x125g;2
11/15/2022;Loose Quaese Salatfein 100g;1
11/15/2022;Iglo Schlemmer-Filet  la Bordelaise Classic 380g;5
11/15/2022;Harry Koerner Balance Toast 250g;1
11/15/2022;REWE Beste Wahl Gouda gerieben 200g;1
11/15/2022;Wilhelm Brandenburg Ruegenwalder Teewurst 150g;5
11/15/2022;Frosch Lavendel Urinstein- & Kalk-Entferner 750ml;5
11/15/2022;Plomari Ouzo 07l;1
11/15/2022;Coca-Cola light 033l;2
11/15/2022;ja! Lungo Dolce 50g 10 Kapseln;2
11/15/2022;Today Cremeseife mild 150g;2
11/19/2022;Biorebe Merlot Frankreich trocken 075l;4
11/19/2022;Sweet Family Feinster Zucker 1kg;4
11/23/2022;Nivea Intimo Mild Fresh Intimpflege-Waschlotion 250ml;3
11/23/2022;DocMorris A-Z Tabletten 100 Stueck;3
11/23/2022;Trumpf Edle Tropfen in Nuss Obstbraende 250g;2
11/23/2022;REWE Bio Soft-Aprikosen 200g;2
11/23/2022;Winzer Krems Gruener Veltliner oesterreich trocken 075l;1
11/23/2022;Bebivita Feine Fruechte Apfel-Banane 4x100g;4
11/23/2022;Pantene Pro-V Haarshampoo Volumen Pur 300ml;3
11/23/2022;Schwarzkopf 3 Wetter Taft Schaumfestiger Power Cashmere Touch 150ml;2
11/23/2022;Today Wattestaebchen Nachfueller 160 Stueck;5
11/23/2022;REWE Bio Kuemmel ganz 50g;2
11/23/2022;Reimann Schaumzucker Kroenchen wei 100g;4
11/23/2022;Ostmann Salbei 10g;3
11/23/2022;Feinkost Dittmann Forellen-Kaviar 50g;5
11/23/2022;Buitoni Penne Lisce 500g;3
11/23/2022;Heinersdorfer Zupfkuchen 1kg;1
11/23/2022;Berchtesgadener Land Cremiger Quark mit frischem Joghurt 02% 350g;3
11/23/2022;True Fruits Smoothie pink 250ml;4
11/25/2022;Tirestella Milk & Coffee Cappuccino 15% 230ml;1
11/25/2022;R1 Blue 20 Stueck;1
11/25/2022;Seitenbacher Tropische Mischung 750g;3
11/25/2022;Alnavit Bio Mehl-Mix Basis glutenfrei 500g;3
11/25/2022;Seitenbacher Protein Muesli 454g;1
11/25/2022;Bonaqa Tafelwasser Medium 12x1l;3
12/01/2022;Heines Leberwurst 1a 200g;2
12/01/2022;REWE Beste Wahl Ultra Binde Lang mit Fluegeln 14 Stueck;2
12/01/2022;Funny-frisch Kessel Chips Sweet Chili 120g;5
12/01/2022;Haeagen-Dazs Favorite Selection 4x100ml;1
12/01/2022;Herta Finesse Haehnchenbrust gegrillt 100g;5
12/01/2022;Oreo Ice Cream Cones 4x110ml;4
12/02/2022;ja! Streichgut ungesalzen 250g;4
12/02/2022;Schwartau Samt Johannisbeeren 270g;5
12/02/2022;Dallmayr Capsa Lungo Crema DOro 56g;4
12/02/2022;Johannisbeeren rot;1
12/02/2022;Weiss Contrella Lebkuchen Classic 200g;2
12/02/2022;JPS Red 20 Stueck;1
12/02/2022;Gepa Honig-Cashew-Cookies 150g;4
12/02/2022;Andechser Natur Bio-Alpenlaender Butterkaese 150g;2
12/02/2022;ja! Batterie Alkaline AAA 8 Stueck;4
12/02/2022;Kluth Walnusskerne 100g;3
12/02/2022;ZooRoyal Saftige Wuerstchen reich an Frischgefluegel 60g;1
12/02/2022;Dove Pflegedusche Pflege & oel 250ml;4
12/05/2022;REWE Bio Ananas;2
12/05/2022;Wilhelm Brandenburg Schnittlauch-Leberwurst 150g;2
12/05/2022;Le Mazet Salami 200g;5
12/05/2022;REWE Beste Wahl Bockwurst 400g;3
12/05/2022;Milka Vanillejohurt mit Schokotalern 120g;4
12/05/2022;Profish Makrelenfilet Natur ca 200g;3
12/09/2022;Ruegenwalder Muehle Vegetarischer Schinken-Spicker Bunte Paprika 80g;2
12/09/2022;Oberland Raeucherschmelzkaese Natur 175g;1
12/09/2022;REWE Beste Wahl Delikatess-Gefluegelsalami 80g;3
12/09/2022;Ruf Agartine 30g;5
12/09/2022;Mueller Milchreis Vanilla 200g;2
12/09/2022;Arla Buko Der Sahnige 200g;1
12/09/2022;Kuehne Gewuerzgurken 360g;4
12/09/2022;Nissin Cup Noodles Huhn 63g;1
12/09/2022;Weight Watchers Gut aufgetischt Lasagne Bolognese 350g;3
12/09/2022;Zewa Soft und Stark Toilettenpapier 3-lagig 8x150 Blatt;1
12/09/2022;Metall-Topfreiniger 3 Stueck;2
12/09/2022;Bont Divina Tiramis 2x90g;3
12/09/2022;Wawi Schoko Reis 200g;1
12/09/2022;Jameson Irish Whiskey 07l;2
12/09/2022;Storck Vollmilch-Brocken 165g;4
12/09/2022;Suppenhuhn HKL A tiefgefroren 11kg;3
12/09/2022;REWE Beste Wahl Linseneintopf 800g;3
12/09/2022;ja! Weie Schokolade 100g;2
12/16/2022;REWE Beste Wahl Ultra Binde Nacht mit Fluegeln 10 Stueck;3
12/16/2022;Xox Erdnuesse ungesalzen 1kg;4
12/16/2022;Dr Oetker Vitalis Roasted Muesli weie Schokolade  Mandel 450g;5
12/16/2022;Aldente Bagels Sesam 340g;5
12/16/2022;Erasco Eintopf Starke Portion Chili Con Carne Diabolo 800g;3
12/16/2022;Frosch Fluessigseife Reine Pflege 300ml;4
12/16/2022;Wilhelm Brandenburg Bratwurst grob 2x125g;1
12/16/2022;Ja! Soft-Aprikosen 250g;4
12/16/2022;Koelln Muesli Knusper Schoko-Minze 500g;3
12/16/2022;Farmers Snack Kokos-Chips 100g;5
12/16/2022;Starbucks Discoveries Caramel Macchiato 220ml;1
12/16/2022;Frosta Gemuesepfanne Toskana 480g;2
12/16/2022;Delysoy Soja Fettuccine Gruen 230g;2
12/16/2022;Hitchcock Zitronensaft 100% Direktsaft 02l;2
12/21/2022;Yogi Tea Classic Bio 374g 17 Beutel;2
12/21/2022;Rama Cremefine zum Kochen 7% 250ml;4
12/21/2022;Schaer Knusperbrot dunkel 125g;2
12/21/2022;Wilhelm Brandenburg Frische Putenbrust 800g;2
12/21/2022;ja! Klarspueler 1l;1
12/21/2022;Milka Noisette 100g;4
12/21/2022;Iglo Knoblauch-Duo 60g;1
12/21/2022;REWE Bio Sojaghurt Natur 500g;3
12/21/2022;Oryza Milchreis 1kg;3
12/21/2022;REWE Beste Wahl Allgaeuer Emmentaler 250g;3
12/21/2022;Hella Aktiv Grapefruit 6x075l;2
12/21/2022;Lindt Excellence Edelbitter intensiv 70% Kakao 100g;1
12/21/2022;Harry Baeckerfrisch Malz-Mehrkorn 500g;1
12/21/2022;Weideglueck Bio Joghurt mild 37% 1kg;3
12/26/2022;Maggi Magic Asia Instant-Nudel-Snack Curry 65g;3
12/26/2022;Memer Feinster Darjeeling 150g;4
12/26/2022;Freixenet Carta Nevada Rosado seco 075l;2
12/26/2022;Oryza 10-Minuten-Reis 1kg;4
12/26/2022;Barilla Pastasauce Pecorino 400g;1
12/26/2022;Maggi Spaghetti Bolognese 810g;5
12/26/2022;REWE Bio Zitrone 500g Netz;1
12/26/2022;REWE Beste Wahl Bockwurst 400g;5
12/26/2022;REWE Bio Original italienische Fusilli 500g;1
12/26/2022;Katjes Wunderland Black Edition 200g;2
12/26/2022;Leerdammer Original Scheiben mild 150g;1
12/26/2022;Always Maxi Long Plus 12 Stueck;1
12/26/2022;Wodka Gorbatschow Citron 07l;5
12/26/2022;REWE Beste Wahl Delikatess-Senf mittelscharf 200ml;3
12/26/2022;True Fruits Smoothie orange 250ml;2
12/26/2022;Buebchen Kids Shampoo & Shower Dschungelbande 230ml;3
12/26/2022;Soja so lecker Bio Tofu geraeuchert 2x175g;3
12/26/2022;Swirl Tragegriff-Muellbeutel 20l 20 Stueck;3
12/31/2022;Knorr Natuerlich Lecker Waldpilz Suppe 57g;2
12/31/2022;Today Augen Make-up Entferner Mizellen-Lotion 100 Stueck;4
12/31/2022;Milka Kuechlein Choc&Choc 175g;1
12/31/2022;Tyrrells Chips Smoked Paprika 150g;3
12/31/2022;Volvic Touch Apfel 6x15l;3
12/31/2022;Elinas Joghurt Griechischer Art Honig 4x150g;4
12/31/2022;Frosta Kohlrabi in Baerlauch-Butter 300g;5
12/31/2022;Nissin Demae Ramen Rind 100g;2
12/31/2022;REWE Beste Wahl Pastasauce Tomate-Basilikum 380ml;4
12/31/2022;Maggi Fuer Genieer Indische Suesskartoffelsuppe 51g;5
12/31/2022;Casa Modena Salami Milano;4
12/31/2022;Kerrygold Original Irischer Cheddar herzhaft 150g;2
12/31/2022;Aoste Stickado Haehnchen 70g;3
12/31/2022;Merl Heringssalat Delikatess 175g;3
01/05/2023;Bautzner Senf scharf 200ml;3
01/05/2023;Ditsch Laugenbrezeln 6x100g;3
01/05/2023;Today Kosmetiktuecher 90 Stueck;2
01/05/2023;Vitakraft Beef-Stick Original mit Wild 12g;5
01/05/2023;Teekanne Ingwer Kurkuma 324g 18 Beutel;2
01/11/2023;Hohes C Orange 15l;1
01/11/2023;LOral Paris Men Expert Hydra Energy Feuchtigkeitspflege Anti-Muedigkeit 50ml;5
01/11/2023;REWE Feine Welt Trueffeloel 250ml;5
01/11/2023;CD Deo Roll-On Wasserlilie 50ml;5
01/11/2023;REWE Beste Wahl Selleriesalat fein geraspelt 190g;1
01/11/2023;Albi Pfirsich-Maracuja Nektar 1l;4
01/11/2023;Torres Vina Sol E-Penedes trocken 075l;3
01/11/2023;Harry Sammys Super Sandwich 750g;1
01/11/2023;Landliebe Joghurt mit Heidelbeeren 500g;3
01/11/2023;ja! Caff Gustoso 1kg;2
01/11/2023;Dr Oetker Schoko-Muesli 600g;5
01/11/2023;ja! Butterkekse 400g;1
01/11/2023;Laetta mit Skyr 225g;5
01/11/2023;REWE Beste Wahl Alaska-Seelachsfilets 400g;4
01/11/2023;Hohes C Hoch2 Smoothie Schuetz Dich 250ml;3
01/17/2023;Noa Brotaufstrich Weisse Bohne-Tomate 175g;2
01/17/2023;ja! Putengeschnetzeltes mit Spaetzle und Gemuese 480g;5
01/17/2023;Knorr Huettenschmaus Kaese-Spaetzle 149g;5
01/17/2023;REWE Beste Wahl Joghurt mild Stracciatella 250g;1
01/17/2023;Teekanne Heie Liebe 60g 20 Beutel;2
01/17/2023;REWE Feine Welt Prosciutto Cotto 100g;5
01/17/2023;REWE Beste Wahl Wassereis mit Fruchtsaft 500ml;3
01/17/2023;REWE Beste Wahl Karamellwaffeln 400g;5
01/17/2023;ja! Katzenfutter mit Huhn 415g;5
01/17/2023;Vilsa Medium 6x075l;2
01/17/2023;Gerolsteiner Medium 12x075l;3
01/17/2023;Ardo Suekartoffel Frites 450g;2
01/17/2023;Schwartau Extra 3-Beeren kernlos 340g;4
01/17/2023;Castello Schnittlauch mit Fruehlingszwiebeln 125g;2
01/17/2023;Senseo Mild Vorratspackung 250g 36 Pads;5
01/17/2023;Orangen 15kg;3
01/17/2023;Goldmaennchen-Tee Wilde Kraeuter 30g;3
01/17/2023;Viba Nougat Classic Jumbo 150g;2
01/17/2023;ZooRoyal Grillhappen mit Huhn und Gemuese an Paprikacreme 150g;5
01/17/2023;Danke Toilettenpapier 3-lagig aus 100% Recycling Papier 8x150 Blatt;2
01/19/2023;Feinkost Dittmann Piri Piri feurig-scharfe Chilischoten 60g;4
01/19/2023;Viba Nougat Classic Jumbo 150g;1
01/19/2023;Diamant Brauner Zucker Kandisfarin 500g;1
01/19/2023;Kluth Walnusskerne 100g;2
01/19/2023;Homann Feiner Nudelsalat 400g;2
01/26/2023;Popp Aufstrich Kaese und Champions 150g;1
01/28/2023;Pril Sensitive Aloe Vera 500ml;1
01/28/2023;ZooRoyal Delikate Stueckchen mit Ente und Gefluegel in Gelee 400g;2
01/28/2023;Today Cremeseife Milch & Honig 500ml;4
01/28/2023;Coppenrath & Wiese Alt Boehmischer Kaesekuchen 125kg;5
01/28/2023;REWE Bio Fettarme H-Milch 15% 1l;1
01/28/2023;m&ms Chocolate 200g;5
01/28/2023;Coppenrath & Wiese Cafeteria minis Berliner 175g;1
02/01/2023;Kaba Erdbeere 400g;2
02/01/2023;Lien Ying Wok-Eier-Nudeln 250g;3
02/01/2023;Pepsi Cola 6x15l;2
02/01/2023;Buitoni Eliche Tricolore 500g;3
02/01/2023;Oro di Parma Stueckige Tomaten mit Basilikum 400g;3
02/01/2023;Dr Oetker Vanillin-Zucker 41g 5 Paeckchen;3
02/01/2023;REWE Beste Wahl Fruchtjoghurt mild Himbeere 150g;3
02/01/2023;Ahama Couscous 500g;4
02/01/2023;Amecke Sanfte Saefte Multivitamin 1l;3
02/01/2023;Maggi Jaeger Sauce 2x250 ml;2
02/06/2023;Freixenet Legero alkoholfrei 075l;2
02/06/2023;De Cecco Gnocchi 500g;1
02/06/2023;ja! Wein-Branntwein-Essig hell 1l;3
02/06/2023;ja! Schupfnudeln 500g;1
02/06/2023;Wrigleys Airwaves Menthol & Eucalyptus 50 Stueck;3
02/06/2023;ueltje Erdnuesse gesalzen 500g;5
02/13/2023;Wilhelm Brandenburg Drexler Debrecziner 240g;1
02/13/2023;REWE Feine Welt Lachs-Carpaccio mit Parmesan 100g;4
02/13/2023;Schoefferhofer Hefeweizen 05l;4
02/13/2023;Teekanne Vollmundige Hagebutte 70g 20 Beutel;5
02/19/2023;Barilla Pasta Nudeln Tagliatelle 500g;2
02/19/2023;Lotus Biscoff Brotaufstrich 400g;5
02/19/2023;Pecorino Romano DOP Italienischer Hartkaese 200g;2
02/19/2023;Pampers Baby Dry Gr 4 Maxi 7-18kg Jumbo Plus Pack 78 Stueck;3
02/19/2023;merci Tafel Kaffee-Sahne 100g;5
02/19/2023;REWE Feine Welt Goldene Haehnchenschnitzel ca 250g;1
02/19/2023;Galbani Gorgonzola Intenso;5
02/19/2023;Warsteiner 05l;5
02/19/2023;nimm2 Lachgummi Milchgeister 225g;5
02/19/2023;Maggi Fix & frisch Geschnetzeltes Zuercher Art 50g;3
02/19/2023;Baerenmarke Die Ergiebige 10 Kondensmilch 340g;3
02/19/2023;REWE Bio Orange 1kg Netz;2
02/19/2023;Harry Bauern-Goldkruestchen 6x80g;5
02/19/2023;REWE Beste Wahl Eierlikoer Eis 900ml;5
02/19/2023;Staudensellerie;3
02/19/2023;Schneekoppe Rote-Bete-Saft 330ml;2
02/19/2023;Eberswalder Wuerstchen in zarter Eigenhaut 250g;4
02/19/2023;Stemmari Nero d Avola Sizilien trocken 075l;5
02/23/2023;Always Ultra Damenbinden Long mit Fluegeln Sensitive 12 Stueck;3
02/23/2023;Le Sweet Filou 075l;2
02/23/2023;REWE Bio Frischkaese Doppelrahmstufe 175g;4
02/23/2023;REWE Bio Natives Olivenoel extra 500ml;2
02/23/2023;Astra Rakete 6x033l;4
02/23/2023;Innocent Orangensaft 900ml;2
02/23/2023;Fritz-limo Apfel-Kirsch-Holunder-Limonade 033l;2
02/23/2023;Mexican Style Paloma Pink Grapefruit 355ml;4
02/23/2023;De Cecco Gnocchi 500g;3
02/23/2023;Laetta & Butter 225g;1
02/23/2023;merci Petits Edel-Nougat 125g;2
02/23/2023;Leibniz Butterkeks weniger Zucker 150g;3
02/23/2023;REWE Beste Wahl Hygieneeinlagen Extra 12 Stueck;3
02/23/2023;Bernard Matthews Oldenburg Haehnchen-Filetstreifen gebraten 125g;3
02/23/2023;Gillette Satin Care Gel empfindliche Haut 200ml;4
02/24/2023;Jakordia Tabak red 170g;5
02/24/2023;Lipton Kraeutertee Time to Relax Pyramidenbeutel 30g 20 Stueck;4
02/24/2023;Kerrygold Original Irische Butter 250g;4
02/24/2023;REWE Bio Pesto Verde 120g;5
02/24/2023;Pomito Pizza- & Pasta-Sauce 500g;4
02/24/2023;Wilkinson Sword Xtreme 3 Sensitive 6 Stueck;4
02/24/2023;Hipp 100% Bio-Direktsaft Reine Karotte 05l;3
02/24/2023;Coppenrath & Wiese Meistertorte Mandel-Bienenstich 800g;5
02/24/2023;Tuc Crackers Kaese 100g;5
02/24/2023;Barilla Pasta Nudeln Spaghettini n3 500g;5
02/24/2023;Piasten Big Ben Erdnuesse 400g;4
02/24/2023;Wolfberger Crmant d Alsace 075l;5
02/24/2023;Lacroix Kalbs-Fond 400ml;4
02/24/2023;Sonnen Bassermann Linsentopf 800g;3
